id,value,predictor
0,52.598827942484235,21.926586898644185
1,57.38466579995411,24.12708174494015
2,59.63376129244322,24.067548180003193
3,53.31263431403564,26.527394035771646
4,41.841897150345616,20.105019208163796
5,37.69135683566045,23.40976485647482
6,55.21941565616898,18.44866621703272
7,44.33702270397228,21.62083176244221
8,61.58595579007404,19.349284728161578
9,50.9707754934804,20.48497982496359
10,47.654128666248525,22.97578512718457
11,30.86719755342202,15.908896583832638
12,47.80328112162488,30.4619363784273
13,38.31321962380468,14.96991309250149
14,23.802548959102555,13.92905693606134
15,45.79354677234641,25.790554367500338
16,58.2206015999449,23.95831346981468
17,42.801557916052914,23.120599085260775
18,68.96792982653947,23.1417275463214
19,44.556172754748175,19.938766135765427
20,45.365823071875376,15.513728142570843
21,51.7136828118997,20.37902279096863
22,53.142473325952736,16.61419144243944
23,64.65648768921554,24.875598667088756
24,60.03532897892024,19.264713092489306
25,65.79212815507391,15.872514016037442
26,34.493365689338674,18.39307079173503
27,65.38036566465969,22.064657271378124
28,30.124310853991073,17.181377235980126
29,41.91506397106812,15.888898022167842
30,35.214780096325725,21.218436057459563
31,30.403298761202244,21.224832855543614
32,46.98896304410711,17.46528412314435
33,57.8182287177731,17.644808471908387
34,57.14000494092092,21.16024968678818
35,71.90455625809979,12.75957829251338
36,53.287511096596845,12.962681128117223
37,59.31280119116199,16.40777889373782
38,41.42842443583717,18.932764241440765
39,43.98293387770603,21.55453782799002
40,49.65288230294757,27.37678108474776
41,50.68562974806027,24.288298116010097
42,50.99651365087641,19.200307350182864
43,65.64643655814007,19.904918960486555
44,49.64173960890049,14.987353176810956
45,51.96861235869123,19.90743432003805
46,36.795433869157236,18.556706805399312
47,45.53485047932979,21.613592801690448
48,56.47688538100692,15.863845282238385
49,53.61395605508414,22.596732571205862
50,52.08863595004755,27.66369456501289
51,47.76537214674149,19.456199257715713
52,40.90612545205261,22.008558610494706
53,42.85648581973632,23.450719958555563
54,50.91760776535502,17.993897640570818
55,58.22544912103189,21.120462409052084
56,47.35343166762044,20.062962003908975
57,50.60230209941027,20.48838049274416
58,57.87084603742452,16.13495108072267
59,41.10485570374477,20.122550871294713
60,38.49006422577697,22.489991456227248
61,54.73237624573545,27.255718038975207
62,53.75698018345672,24.796354130426035
63,52.14093744130204,30.765912287557782
64,48.61735698828815,16.163262185559752
65,-30.0,24.361603183603393
66,53.57112571511746,20.91671002869176
67,65.23029856408026,30.94901466608836
68,64.77894044741517,15.958508573224243
69,48.387142883339905,15.80139078909612
70,30.812287847009586,17.00303677277989
71,64.02794310936099,9.380521378450965
72,50.870470682381715,17.371224891596196
73,39.37696286273895,16.20433669223151
74,58.135172173696695,20.75196893238104
75,44.81729781726352,21.708779878885796
76,55.42560043585965,29.380854196079433
77,54.12780926936498,24.75211919093025
78,49.86502775262066,17.115481721687985
79,39.29107501938888,15.50792664325821
80,68.8618590121053,22.459595857532527
81,52.96120277064576,13.39883396489679
82,46.078918468678424,29.15729382927177
83,59.15402117702074,25.897200603606436
84,46.77938483794325,17.654121739476476
85,65.4993440501754,11.43432735454561
86,145.0,26.769361870827066
87,47.00992649534132,19.42730077373691
88,43.99361310081195,26.189081559867308
89,49.228982905858956,12.027861706028165
90,50.13001891877907,17.003124885231134
91,38.08696502797351,20.026218498590914
92,52.27459934604129,20.23490296882371
93,56.25667347765006,17.74967264260378
94,58.21902504375224,23.114249661737492
95,49.27989878419666,14.661897853087028
96,42.979469061226474,19.288102574893532
97,47.74223699513465,20.601478158559495
98,53.61636025047634,22.572194170293745
99,34.851527753141355,23.558074390444446
100,38.037933759193294,14.376789540810655
101,45.2082576215471,12.329429146321889
102,44.377124707590276,26.388384109492545
103,49.25554084233833,21.661570059897958
104,49.271710873431275,16.25756731721723
105,44.70239796232961,27.755759877612615
106,60.57122226218916,20.578373171464293
107,35.364850518678814,25.896485920319133
108,39.422890710441,20.337592407050543
109,49.73486124550783,30.303739624409936
110,57.910319470430466,28.77670421221602
111,54.96714153011233,18.75517925760463
112,45.34270246429743,24.857854754771775
113,45.30525614065048,23.22687974792574
114,50.67528204687924,26.84315778766174
115,48.14341023336183,15.175382697099478
116,61.42822814515021,23.430257299992196
117,37.63049289121918,25.29212243424794
118,55.13267433113356,11.206302567884428
119,54.73592430635182,14.083707436671125
120,54.73832920911788,9.803839111199498
121,41.7931768164829,18.652965827777212
122,58.56398794323472,23.58771127897981
123,68.65774511144757,27.511785260480142
124,57.51933032686774,20.370473902098876
125,41.532062819315954,28.143077727856458
126,40.91975924478789,13.099492708925544
127,47.083062502067236,11.483087803224226
128,54.040508568145384,19.722261505516904
129,35.98148937207719,21.920327244696537
130,160.0,19.836526259529535
131,54.824724152431855,9.662789499800617
132,46.149177195836835,19.55439980243606
133,60.30999522495951,13.477652497475734
134,77.20169166589619,23.348362744150194
135,45.393612290402125,21.832991230484243
136,46.723378534022316,15.300601068363223
137,53.015473423336125,17.430665413316532
138,52.57550390722764,14.703932390555241
139,47.6586304305082,19.68660451363414
140,46.572854834732304,24.775711602506192
141,47.658466252766644,15.071369768322281
142,51.74577812831839,22.520232577589223
143,51.73180925851182,17.348711908137798
144,43.23077999694041,16.03563583868828
145,47.54611883997129,19.464848200227213
146,35.84629257949586,14.823788387903129
147,56.11676288840868,17.23175347326409
148,32.75082167486967,14.010610537055758
149,43.54880245394876,29.823625664581947
150,53.43618289568462,20.176317759858645
151,56.5655360863383,16.50137246003707
152,52.322536971610035,21.06989955367111
153,46.907876241487855,19.438359751545853
154,52.96984673233186,18.895152002333887
155,55.868570938002705,23.070833500217127
156,38.93665025993972,23.787538550236526
157,64.53534077157317,17.34749426194736
158,53.24083969394795,17.1209087967766
159,37.54261221288012,18.62474151424178
160,150.0,8.490394176322075
161,63.56240028570823,12.42404468900724
162,52.610552721798896,26.83437133722262
163,59.68644990532889,28.224838567506417
164,33.92516765438772,18.75481980221811
165,48.076390352188774,22.882784815278832
166,63.07142754282428,21.556250772717682
167,51.84633858532304,35.394404042276186
168,57.67434729152909,25.597874557172883
169,58.125258223941984,19.360412042596167
170,35.87696298664709,15.222297796997871
171,37.791563500289776,11.967768398712138
172,41.607824767773614,21.017318179336115
173,40.805757657661964,16.218246273578483
174,59.75545127122359,12.88873145201163
175,52.41962271566034,16.767135578787368
176,53.46448209496976,14.592259981928024
177,43.19975278421509,28.435708175362823
178,32.36959844637266,24.408198784747253
179,50.05113456642461,19.960136793416915
180,51.10922589709866,27.39972069445013
181,42.4626383564251,20.38684153823809
182,36.71813951101569,15.693578993358681
183,58.27183249036024,27.615620386348287
184,48.843517176117594,22.694550218423295
185,42.16746707663763,14.813769228367718
186,40.253183297726785,19.04830660958196
187,-20.0,15.621908733076213
188,39.87168879665576,13.08600134517832
189,44.96524345883801,24.630887737658206
190,52.93072473298681,29.547083202350652
191,40.09463674869312,13.007162130904295
192,52.504928503458764,22.814846183452854
193,44.982429564154636,16.746787154390866
194,52.766907993300194,17.56437308117652
195,68.52278184508938,17.038030378805654
196,74.63242112485287,15.68004615160092
197,35.75251813786543,20.242608139724133
198,53.411519748166434,15.84524941794481
199,41.977227307783814,21.352284128899193
